1,bruker1@epost.no,Navn Navnesen 1
2,bruker2@epost.no,Navn Navnesen 2
3,bruker3@epost.no,Navn Navnesen 3
4,bruker4@epost.no,Navn Navnesen 4
5,bruker5@epost.no,Navn Navnesen 5
6,bruker6@epost.no,Navn Navnesen 6
7,bruker7@epost.no,Navn Navnesen 7
8,bruker8@epost.no,Navn Navnesen 8
9,bruker9@epost.no,Navn Navnesen 9
10,bruker10@epost.no,Navn Navnesen 10
11,bruker11@epost.no,Navn Navnesen 11
12,bruker12@epost.no,Navn Navnesen 12
13,bruker13@epost.no,Navn Navnesen 13
14,bruker14@epost.no,Navn Navnesen 14
15,bruker15@epost.no,Navn Navnesen 15
16,bruker16@epost.no,Navn Navnesen 16
17,bruker17@epost.no,Navn Navnesen 17
18,bruker18@epost.no,Navn Navnesen 18
19,bruker19@epost.no,Navn Navnesen 19
20,bruker20@epost.no,Navn Navnesen 20
21,bruker21@epost.no,Navn Navnesen 21
22,bruker22@epost.no,Navn Navnesen 22
23,bruker23@epost.no,Navn Navnesen 23
24,bruker24@epost.no,Navn Navnesen 24
25,bruker25@epost.no,Navn Navnesen 25
26,bruker26@epost.no,Navn Navnesen 26
27,bruker27@epost.no,Navn Navnesen 27
28,bruker28@epost.no,Navn Navnesen 28
29,bruker29@epost.no,Navn Navnesen 29
30,bruker30@epost.no,Navn Navnesen 30
31,bruker31@epost.no,Navn Navnesen 31
32,bruker32@epost.no,Navn Navnesen 32
33,bruker33@epost.no,Navn Navnesen 33
34,bruker34@epost.no,Navn Navnesen 34
35,bruker35@epost.no,Navn Navnesen 35
36,bruker36@epost.no,Navn Navnesen 36
37,bruker37@epost.no,Navn Navnesen 37
38,bruker38@epost.no,Navn Navnesen 38
39,bruker39@epost.no,Navn Navnesen 39
40,bruker40@epost.no,Navn Navnesen 40
41,bruker41@epost.no,Navn Navnesen 41
42,bruker42@epost.no,Navn Navnesen 42
43,bruker43@epost.no,Navn Navnesen 43
44,bruker44@epost.no,Navn Navnesen 44
45,bruker45@epost.no,Navn Navnesen 45
46,bruker46@epost.no,Navn Navnesen 46
47,bruker47@epost.no,Navn Navnesen 47
48,bruker48@epost.no,Navn Navnesen 48
49,bruker49@epost.no,Navn Navnesen 49
50,bruker50@epost.no,Navn Navnesen 50
51,bruker51@epost.no,Navn Navnesen 51
52,bruker52@epost.no,Navn Navnesen 52
53,bruker53@epost.no,Navn Navnesen 53
54,bruker54@epost.no,Navn Navnesen 54
55,bruker55@epost.no,Navn Navnesen 55
56,bruker56@epost.no,Navn Navnesen 56
57,bruker57@epost.no,Navn Navnesen 57
58,bruker58@epost.no,Navn Navnesen 58
59,bruker59@epost.no,Navn Navnesen 59
60,bruker60@epost.no,Navn Navnesen 60
61,bruker61@epost.no,Navn Navnesen 61
62,bruker62@epost.no,Navn Navnesen 62
63,bruker63@epost.no,Navn Navnesen 63
64,bruker64@epost.no,Navn Navnesen 64
65,bruker65@epost.no,Navn Navnesen 65
66,bruker66@epost.no,Navn Navnesen 66
67,bruker67@epost.no,Navn Navnesen 67
68,bruker68@epost.no,Navn Navnesen 68
69,bruker69@epost.no,Navn Navnesen 69
70,bruker70@epost.no,Navn Navnesen 70
71,bruker71@epost.no,Navn Navnesen 71
72,bruker72@epost.no,Navn Navnesen 72
73,bruker73@epost.no,Navn Navnesen 73
74,bruker74@epost.no,Navn Navnesen 74
75,bruker75@epost.no,Navn Navnesen 75
76,bruker76@epost.no,Navn Navnesen 76
77,bruker77@epost.no,Navn Navnesen 77
78,bruker78@epost.no,Navn Navnesen 78
79,bruker79@epost.no,Navn Navnesen 79
80,bruker80@epost.no,Navn Navnesen 80
81,bruker81@epost.no,Navn Navnesen 81
82,bruker82@epost.no,Navn Navnesen 82
83,bruker83@epost.no,Navn Navnesen 83
84,bruker84@epost.no,Navn Navnesen 84
85,bruker85@epost.no,Navn Navnesen 85
86,bruker86@epost.no,Navn Navnesen 86
87,bruker87@epost.no,Navn Navnesen 87
88,bruker88@epost.no,Navn Navnesen 88
89,bruker89@epost.no,Navn Navnesen 89
90,bruker90@epost.no,Navn Navnesen 90
91,bruker91@epost.no,Navn Navnesen 91
92,bruker92@epost.no,Navn Navnesen 92
93,bruker93@epost.no,Navn Navnesen 93
94,bruker94@epost.no,Navn Navnesen 94
95,bruker95@epost.no,Navn Navnesen 95
96,bruker96@epost.no,Navn Navnesen 96
97,bruker97@epost.no,Navn Navnesen 97
98,bruker98@epost.no,Navn Navnesen 98
99,bruker99@epost.no,Navn Navnesen 99
100,bruker100@epost.no,Navn Navnesen 100
